{ 
    "Reboot": {},
    "RebootBot": {},
    "userAgent": {},
    "KunciOleng": "",
    "AddTeaman": false,
    "InviteGrup": false,
    "BatalinUndangan": false,
    "GrupMole": true,
    "MataOleng": false,
    "Gfoto": false,
    "MasukUrl": false,
    "server": {},
    "Videos":{},
    "GantiFoto": false,
    "oleng": false,
    "MasukUrl": false,
    "Img": {},
    "TambahFoto": false,
    "OlengPro": true,
    "SvTeamOwner": {},
    "SvTeamAdmin": {},
    "SvTeamBots": {},
    "addadmin": false,
    "addowner": false,
    "delladmin": false,
    "dellowner": false,
    "blacklist": {},
    "dblacklist": false,
    "Abifoto": {},
    "limit": 1,
    "Pesan": "My Creator : http://line.me/ti/p/~muhaziroleng",
    "kikilbantai": true,
    "cancell": true,
    "olenginv": true,
    "kickoleng": true,
    "kikilbantai": {},
    "cancell": {},
    "olenginv": {},
    "kickoleng": {},
    "OlengBot": {},
    "CidukMem": true,
    "CidukMem": {},
    "MataAbi": {},
    "LikeOn": true,
    "CMDoleng": "===√•|ɴᴜᴍᴘᴀɴɢ ᴘʀᴏᴍᴏ ɢᴀᴇs|•√===\n🔗ɴᴇᴡ sᴄ ʜᴇʟᴘᴇʀ ¹ sᴇᴛ\n🔗ɴᴇᴡ sᴄ ɢᴏʟᴀɴɢ\n🔗ɴᴇᴡ sᴄ ʙʏᴘᴀss ɴᴀɴᴏ\n🔗ɴᴇᴡ sᴄ sʙ ᴛᴇᴍᴘʟᴀᴛᴇ\n🔗ɴᴇᴡ sᴄ ᴘʀᴏᴛᴇᴄᴛ\n🔗ɴᴇᴡ sʙ ʙᴀᴄᴋᴜᴘ\n==•|ʟᴏɢɪɴ ᴠɪᴀ ʜᴇʟᴘᴇʀ ɴᴏ ʀɪʙᴇᴛ|•==\n🔗ʟᴏɢɪɴ sʙ ʙɪᴀsᴀ\n🔗ʟᴏɢɪɴ sʙ ᴛᴇᴍᴘʟᴀᴛᴇ ʙɪᴀsᴀ\n🔗ʟᴏɢɪɴ sʙ ᴛᴇᴍᴘʟᴀᴛᴇ ᴋɪᴄᴋ\n🔗sᴇᴡᴀ ᴏᴡɴᴇʀ ʜᴇʟᴘᴇʀ\n==•|ᴘʀᴏᴍᴏ ᴠᴘs ᴠᴜʟᴛʀ ᴀɴᴅ ᴄᴏɴᴏʜᴀ|•==\n🎀ᴠᴜʟᴛʀ🎀\n🔗1ᴄᴏʀᴇ 2ɢʙ = 50ᴋ ᴀᴛᴍ 60ᴋ ᴘʟs\n🔗2ᴄᴏʀᴇ 4ɢʙ = 100ᴋ ᴀᴛᴍ 120ᴋ ᴘʟs\n🔗4ᴄᴏʀᴇ 8ɢʙ = 200ᴋ ᴀᴛᴍ 250ᴋ ᴘʟs\n🎀ᴄᴏɴᴏʜᴀ ɴᴏɴ ʀᴇɴᴇᴡ🎀\n🔗2ᴄᴏʀᴇ 1ɢʙ = 70ᴋ ᴀᴛᴍ 80ᴋ ᴘʟs\n🔗3ᴄᴏʀᴇ 2ɢʙ = 150ᴋ ᴀᴛᴍ 200ᴋ ᴘʟs\n🔗4ᴄᴏʀᴇ 4ɢʙ = 300ᴋ ᴀᴛᴍ 350ᴋ ᴘʟs\n🎀ᴄᴏɴᴏʜᴀ ʀᴇɴᴇᴡ🎀\n🔗2ᴄᴏʀᴇ 1ɢʙ = 100ᴋ ᴀᴛᴍ 120ᴋ ᴘʟs\n🔗3ᴄᴏʀᴇ 2ɢʙ = 200ᴋ ᴀᴛᴍ 250 ᴘʟs\n🔗4ᴄᴏʀᴇ 4ɢʙ = 330ᴋ ᴀᴛᴍ 370ᴋ ᴘʟs\nReady Vps 3 Bulan Dan 1Tahun\n∆√•|ᴍɪɴᴀᴛ ᴘᴍ ᴄᴏɴᴛᴀᴄᴛ ᴅɪʙᴀᴡᴀʜ|•√∆\n∆√•| line.me/ti/p/~muhaziroleng |•√∆\n∆√•| Whatsapp : https://wa.me/+628992906209 |•√∆\n===√|•ᴛʜᴀɴᴋ's ʙʏᴇ ᴏʟᴇɴɢ ᴋɪʟʟᴇʀ•|√===",
    "userAgent": []
}
